spellClass,spellLevel,name,spellKey,sourceBook,sourcePage,range,duration,effect,save,tags,manualNotes,reviewed,pageVerified,suggestedSourcePage,suggestedRange,suggestedDuration,suggestedEffect,suggestedSave,suggestedTags,validationStatus,nextAction
Cleric,1,Cure Light Wounds,cure-light-wounds,Basic,26,Touch,Permanent,Heals 2-7 hp or removes paralysis from one living creature.,None,"healing,paralysis,reversible",Heals light damage or paralysis; reverse causes 2-7 damage by touch.,true,true,26,Touch,Permanent,Heals 2-7 hp or removes paralysis from one living creature.,None,"healing,paralysis,reversible",ready,Ready for validation
Cleric,1,Detect Magic,detect-magic,Basic,26,0,2 turns,"Magical objects, creatures, and places within 60 ft glow.",None,"detection,magic",Caster sees magic within 60 ft glow for a short time.,true,true,26,0,2 turns,"Magical objects, creatures, and places within 60 ft glow.",None,"detection,magic",ready,Ready for validation
Cleric,1,Light,light,Basic,26,120 ft,12 turns,Creates light in a 30 ft diameter volume; can blind if cast at eyes.,Negates blindness if targeted,"light,reversible",Creates torch-like light; reverse creates darkness.,true,true,26,120 ft,12 turns,Creates light in a 30 ft diameter volume; can blind if cast at eyes.,Negates blindness if targeted,"light,reversible",ready,Ready for validation
Cleric,1,Protection from Evil,protection-from-evil,Basic,27,0,12 turns,"Caster gains protective barrier: attacks -1, saves +1; enchanted creatures blocked.",None,protection,Protects caster from hostile attacks and blocks enchanted melee contact.,true,true,27,0,12 turns,"Caster gains protective barrier: attacks -1, saves +1; enchanted creatures blocked.",None,protection,ready,Ready for validation
Cleric,1,Purify Food and Water,purify-food-and-water,Basic,27,10 ft,Permanent,Purifies spoiled/poisoned food or water; can settle mud into clear water.,None,"utility,purification",Makes food and water safe; does not affect living creatures.,true,true,27,10 ft,Permanent,Purifies spoiled/poisoned food or water; can settle mud into clear water.,None,"utility,purification",ready,Ready for validation
Cleric,1,Remove Fear,remove-fear,Basic,27,Touch,2 turns,Calms one living creature and may end magical fear with a bonus save.,Special,"fear,protection,reversible",Removes fear; reverse causes fear.,true,true,27,Touch,2 turns,Calms one living creature and may end magical fear with a bonus save.,Special,"fear,protection,reversible",ready,Ready for validation
Cleric,1,Resist Cold,resist-cold,Basic,27,0,6 turns,Creatures within 30 ft resist freezing; +2 saves vs cold and -1 damage per die.,None,"protection,cold",Party near caster resists cold and cold-based attacks.,true,true,27,0,6 turns,Creatures within 30 ft resist freezing; +2 saves vs cold and -1 damage per die.,None,"protection,cold",ready,Ready for validation
Cleric,2,Bless,bless,Basic,5,60 ft,6 turns,"Friendly creatures in 20 ft square gain +1 morale, hit, and damage before melee.",None / negates blight,"buff,morale,reversible",Bless buffs allies not yet in melee; reverse penalizes enemies.,true,true,5,60 ft,6 turns,"Friendly creatures in 20 ft square gain +1 morale, hit, and damage before melee.",None / negates blight,"buff,morale,reversible",ready,Ready for validation
Cleric,2,Find Traps,find-traps,Basic,5,0,2 turns,Traps within 30 ft glow blue when the cleric approaches.,None,"detection,traps","Reveals presence of traps, not type or removal method.",true,true,5,0,2 turns,Traps within 30 ft glow blue when the cleric approaches.,None,"detection,traps",ready,Ready for validation
Cleric,2,Hold Person,hold-person,Basic,5,180 ft,9 turns,Paralyzes up to 4 humanoids; single target saves at -2.,Spells negates,"paralysis,control,reversible",Paralyzes humanoids; reverse frees held persons.,true,true,5,180 ft,9 turns,Paralyzes up to 4 humanoids; single target saves at -2.,Spells negates,"paralysis,control,reversible",ready,Ready for validation
Cleric,2,Know Alignment,know-alignment,Basic,5,0,1 round,"Reveals alignment of one creature, item, or area within 10 ft.",None,"detection,alignment,reversible",Identifies alignment; reverse masks with false alignment.,true,true,5,0,1 round,"Reveals alignment of one creature, item, or area within 10 ft.",None,"detection,alignment,reversible",ready,Ready for validation
Cleric,2,Silence 15' Radius,silence-15-radius,Basic,6,180 ft,12 turns,Creates 30 ft diameter silence; moving target may carry effect if save fails.,Spells negates moving effect,"control,silence",Stops speech and spellcasting inside the silent area.,true,true,6,180 ft,12 turns,Creates 30 ft diameter silence; moving target may carry effect if save fails.,Spells negates moving effect,"control,silence",ready,Ready for validation
Cleric,2,Snake Charm,snake-charm,Basic,6,60 ft,2-5 rounds or 2-5 turns,Charms 1 HD of snakes per caster level; no save.,None,"animals,charm",Snakes sway harmlessly unless attacked; shorter duration in combat.,true,true,6,60 ft,2-5 rounds or 2-5 turns,Charms 1 HD of snakes per caster level; no save.,None,"animals,charm",ready,Ready for validation
Cleric,2,Speak with Animals,speak-with-animals,Basic,6,0,6 turns,Caster speaks with one named animal type within 30 ft.,None,"communication,animals",Talks to a chosen animal type; reactions are usually favorable.,true,true,6,0,6 turns,Caster speaks with one named animal type within 30 ft.,None,"communication,animals",ready,Ready for validation
Cleric,3,Continual Light,continual-light,Expert,6,120 ft,Permanent,Creates daylight-bright 60 ft sphere; can blind if cast at eyes.,Spells negates blindness,"light,reversible",Permanent daylight effect; reverse creates continual darkness.,true,true,6,120 ft,Permanent,Creates daylight-bright 60 ft sphere; can blind if cast at eyes.,Spells negates blindness,"light,reversible",ready,Ready for validation
Cleric,3,Cure Disease,cure-disease,Expert,6,30 ft,Permanent,Cures one disease; high-level caster can cure lycanthropy.,None,"healing,disease,reversible",Cures disease; reverse inflicts wasting disease.,true,true,6,30 ft,Permanent,Cures one disease; high-level caster can cure lycanthropy.,None,"healing,disease,reversible",ready,Ready for validation
Cleric,3,Growth of Animal,growth-of-animal,Expert,6,120 ft,12 turns,"Doubles size, strength, damage, and carrying capacity of one animal.",None,"animals,buff",Enlarges normal or giant animal without changing behavior.,true,true,6,120 ft,12 turns,"Doubles size, strength, damage, and carrying capacity of one animal.",None,"animals,buff",ready,Ready for validation
Cleric,3,Locate Object,locate-object,Expert,6,0,6 turns,Caster senses direction of one known object within 120 ft.,None,"detection,utility",Detects direction only; does not locate creatures.,true,true,6,0,6 turns,Caster senses direction of one known object within 120 ft.,None,"detection,utility",ready,Ready for validation
Cleric,3,Remove Curse,remove-curse,Expert,6,Touch,Permanent,"Removes one curse from creature, item, or area; some removals may be temporary.",None,"curse,reversible",Removes curses; reverse applies a misfortune or penalty.,true,true,6,Touch,Permanent,"Removes one curse from creature, item, or area; some removals may be temporary.",None,"curse,reversible",ready,Ready for validation
Cleric,3,Striking,striking,Expert,7,30 ft,1 turn,One weapon gains +1d6 damage per attack and can harm magic-only targets for that bonus.,None,"buff,weapon,damage",Temporarily empowers a weapon with extra striking damage.,true,true,7,30 ft,1 turn,One weapon gains +1d6 damage per attack and can harm magic-only targets for that bonus.,None,"buff,weapon,damage",ready,Ready for validation
Cleric,3,Warp Wood,warp-wood,Expert,6,240 ft,Permanent,"Bends or warps wooden items, usually spoiling weapons, doors, or small objects.",Special,"wood,utility","Warps wood; useful against bows, doors, shafts, and similar items.",true,true,6,240 ft,Permanent,"Bends or warps wooden items, usually spoiling weapons, doors, or small objects.",Special,"wood,utility",ready,Ready for validation
Cleric,4,Create Water,create-water,Expert,7,10 ft,6 turns,"Creates a spring with water for 12 men and mounts, plus more at higher levels.",None,"creation,water",Creates drinking water from ground or wall for one hour.,true,true,7,10 ft,6 turns,"Creates a spring with water for 12 men and mounts, plus more at higher levels.",None,"creation,water",ready,Ready for validation
Cleric,4,Cure Serious Wounds,cure-serious-wounds,Expert,7,Touch,Permanent,Heals 4-14 hp damage to one living creature.,None,"healing,reversible",Heals serious wounds; reverse causes 4-14 damage by touch.,true,true,7,Touch,Permanent,Heals 4-14 hp damage to one living creature.,None,"healing,reversible",ready,Ready for validation
Cleric,4,Neutralize Poison,neutralize-poison,Expert,8,Touch,Permanent,"Neutralizes poison in creature, container, or object; can revive poison death within 10 rounds.",None,"poison,healing,reversible",Makes poison harmless; reverse creates lethal poison.,true,true,8,Touch,Permanent,"Neutralizes poison in creature, container, or object; can revive poison death within 10 rounds.",None,"poison,healing,reversible",ready,Ready for validation
Cleric,4,Protection from Evil 10' Radius,protection-from-evil-10-radius,Expert,8,0,12 turns,"20 ft diameter barrier gives allies +1 saves, attackers -1 hit, and blocks enchanted melee.",None,"protection,area",Area version of protection from evil centered on caster.,true,true,8,0,12 turns,"20 ft diameter barrier gives allies +1 saves, attackers -1 hit, and blocks enchanted melee.",None,"protection,area",ready,Ready for validation
Cleric,4,Speak with Plants,speak-with-plants,Expert,8,0,3 turns,Caster speaks with plants within 30 ft and can request simple favors.,None,"communication,plants",Allows plant communication and passage through vegetation.,true,true,8,0,3 turns,Caster speaks with plants within 30 ft and can request simple favors.,None,"communication,plants",ready,Ready for validation
Cleric,4,Sticks to Snakes,sticks-to-snakes,Expert,8,120 ft,6 turns,Turns 2-16 sticks into snakes that obey the cleric.,None,"summoning,animals",Creates temporary snake servants from sticks.,true,true,8,120 ft,6 turns,Turns 2-16 sticks into snakes that obey the cleric.,None,"summoning,animals",ready,Ready for validation
Cleric,5,Commune,commune,Expert,9,0,3 turns,Cleric asks higher powers three yes/no questions; usable rarely.,None,divination,Ask divine powers limited questions for guidance.,true,true,9,0,3 turns,Cleric asks higher powers three yes/no questions; usable rarely.,None,divination,ready,Ready for validation
Cleric,5,Create Food,create-food,Expert,9,10 ft,Permanent,"Creates food for 12 men and mounts for one day, more at higher levels.",None,"creation,food",Creates sustaining food for a group and mounts.,true,true,9,10 ft,Permanent,"Creates food for 12 men and mounts for one day, more at higher levels.",None,"creation,food",ready,Ready for validation
Cleric,5,Dispel Evil,dispel-evil,Expert,9,30 ft,1 turn,Banishing/protective power against enchanted or summoned evil creatures and curses.,Special,"protection,banishment",Can drive away or destroy evil magical influence at close range.,true,true,9,30 ft,1 turn,Banishing/protective power against enchanted or summoned evil creatures and curses.,Special,"protection,banishment",ready,Ready for validation
Cleric,5,Insect Plague,insect-plague,Expert,9,480 ft,1 day,Summons a 60 ft swarm cloud that drives away creatures under 3 HD.,None,"summoning,insects,control",Creates a large insect swarm that disrupts weak creatures.,true,true,9,480 ft,1 day,Summons a 60 ft swarm cloud that drives away creatures under 3 HD.,None,"summoning,insects,control",ready,Ready for validation
Cleric,5,Quest,quest,Expert,10,30 ft,Until fulfilled,Compels a creature to perform or avoid a task; refusal causes penalties.,Spells negates,"control,geas,reversible",Places a divine obligation; reverse removes quest.,true,true,10,30 ft,Until fulfilled,Compels a creature to perform or avoid a task; refusal causes penalties.,Spells negates,"control,geas,reversible",ready,Ready for validation
Cleric,5,Raise Dead,raise-dead,Expert,10,120 ft,Permanent,Restores a dead human/demi-human within time limit; recipient returns weak.,None,"healing,resurrection,reversible",Raises dead; reverse can slay like finger of death.,true,true,10,120 ft,Permanent,Restores a dead human/demi-human within time limit; recipient returns weak.,None,"healing,resurrection,reversible",ready,Ready for validation
Magic-User,1,Charm Person,charm-person,Basic,40,120 ft,Special,Charms one humanoid as a trusted friend; repeat saves based on Intelligence.,Spells negates,"charm,control",Makes a humanoid friendly unless save succeeds.,true,true,40,120 ft,Special,Charms one humanoid as a trusted friend; repeat saves based on Intelligence.,Spells negates,"charm,control",ready,Ready for validation
Magic-User,1,Detect Magic,detect-magic,Basic,40,0,2 turns,Magic within 60 ft glows to the caster.,None,"detection,magic",Caster sees magical auras nearby.,true,true,40,0,2 turns,Magic within 60 ft glows to the caster.,None,"detection,magic",ready,Ready for validation
Magic-User,1,Floating Disc,floating-disc,Basic,40,0,6 turns,"Creates floating disc carrying up to 5,000 cn, following caster.",None,"utility,transport",Creates a hovering carrier for treasure or gear.,true,true,40,0,6 turns,"Creates floating disc carrying up to 5,000 cn, following caster.",None,"utility,transport",ready,Ready for validation
Magic-User,1,Hold Portal,hold-portal,Basic,40,10 ft,2-12 turns,"Magically holds one door, gate, or similar portal shut.",None,"control,door",Holds a portal closed unless forced or magically opened.,true,true,40,10 ft,2-12 turns,"Magically holds one door, gate, or similar portal shut.",None,"control,door",ready,Ready for validation
Magic-User,1,Light,light,Basic,40,120 ft,6 turns + caster level,Creates 30 ft diameter light; can blind if targeted.,Spells negates blindness,"light,reversible",Creates light; reverse creates darkness.,true,true,40,120 ft,6 turns + caster level,Creates 30 ft diameter light; can blind if targeted.,Spells negates blindness,"light,reversible",ready,Ready for validation
Magic-User,1,Magic Missile,magic-missile,Basic,40,150 ft,1 round,Creates unerring magical missile(s) dealing 1d6+1 damage each.,None,"damage,force",Automatically hits visible target within range.,true,true,40,150 ft,1 round,Creates unerring magical missile(s) dealing 1d6+1 damage each.,None,"damage,force",ready,Ready for validation
Magic-User,1,Protection from Evil,protection-from-evil,Basic,40,0,6 turns,"Caster gains attacks -1, saves +1, and enchanted creatures are blocked.",None,protection,Protects caster from hostile and enchanted melee attacks.,true,true,40,0,6 turns,"Caster gains attacks -1, saves +1, and enchanted creatures are blocked.",None,protection,ready,Ready for validation
Magic-User,1,Read Languages,read-languages,Basic,40,0,2 turns,"Caster reads unknown languages, codes, maps, and inscriptions.",None,"utility,language",Translates written language but not magical writing.,true,true,40,0,2 turns,"Caster reads unknown languages, codes, maps, and inscriptions.",None,"utility,language",ready,Ready for validation
Magic-User,1,Read Magic,read-magic,Basic,40,0,1 turn,Caster reads magical writing and scrolls.,None,"utility,magic","Allows reading spell books, scrolls, and magical inscriptions.",true,true,40,0,1 turn,Caster reads magical writing and scrolls.,None,"utility,magic",ready,Ready for validation
Magic-User,1,Shield,shield,Basic,40,0,2 turns,Invisible barrier improves AC and blocks magic missiles.,None,protection,"Defensive shield protects caster, especially from missiles.",true,true,40,0,2 turns,Invisible barrier improves AC and blocks magic missiles.,None,protection,ready,Ready for validation
Magic-User,1,Sleep,sleep,Basic,40,240 ft,4-16 turns,"Puts 2d8 HD of creatures to sleep, usually affecting weakest first.",None,"sleep,control",Drops low-HD enemies asleep; no save.,true,true,40,240 ft,4-16 turns,"Puts 2d8 HD of creatures to sleep, usually affecting weakest first.",None,"sleep,control",ready,Ready for validation
Magic-User,1,Ventriloquism,ventriloquism,Basic,40,60 ft,2 turns,Caster makes voice or sound appear to come from elsewhere.,None,"illusion,sound",Throws the caster’s voice to mislead listeners.,true,true,40,60 ft,2 turns,Caster makes voice or sound appear to come from elsewhere.,None,"illusion,sound",ready,Ready for validation
Magic-User,2,Continual Light,continual-light,Basic,41,120 ft,Permanent,Creates daylight-bright 60 ft sphere; can blind if targeted.,Spells negates blindness,"light,reversible",Permanent light; reverse creates continual darkness.,true,true,41,120 ft,Permanent,Creates daylight-bright 60 ft sphere; can blind if targeted.,Spells negates blindness,"light,reversible",ready,Ready for validation
Magic-User,2,Detect Evil,detect-evil,Basic,41,60 ft,2 turns,Detects evil intentions or evil-enchanted objects.,None,"detection,evil","Reveals evil intent or magic, not traps or poison.",true,true,41,60 ft,2 turns,Detects evil intentions or evil-enchanted objects.,None,"detection,evil",ready,Ready for validation
Magic-User,2,Detect Invisible,detect-invisible,Basic,41,10 ft per level,6 turns,Caster can see invisible creatures and objects within range.,None,"detection,invisibility",Reveals invisible things to caster.,true,true,41,10 ft per level,6 turns,Caster can see invisible creatures and objects within range.,None,"detection,invisibility",ready,Ready for validation
Magic-User,2,ESP,esp,Basic,41,60 ft,12 turns,Caster reads surface thoughts in one direction through some barriers.,Spells negates,"detection,mind",Reads thoughts of creatures in range and direction.,true,true,41,60 ft,12 turns,Caster reads surface thoughts in one direction through some barriers.,Spells negates,"detection,mind",ready,Ready for validation
Magic-User,2,Invisibility,invisibility,Basic,41,240 ft,Permanent until broken,One creature or object becomes invisible until attacking/casting or dispelled.,None,invisibility,Makes target invisible until it takes hostile action.,true,true,41,240 ft,Permanent until broken,One creature or object becomes invisible until attacking/casting or dispelled.,None,invisibility,ready,Ready for validation
Magic-User,2,Knock,knock,Basic,41,60 ft,Instant,"Opens stuck, locked, barred, or magically held portals.",None,"utility,door",Opens locked or held doors and similar closures.,true,true,41,60 ft,Instant,"Opens stuck, locked, barred, or magically held portals.",None,"utility,door",ready,Ready for validation
Magic-User,2,Levitate,levitate,Basic,41,0,6 turns + caster level,Caster moves up or down vertically by mental control.,None,movement,Allows vertical movement but not horizontal flight.,true,true,41,0,6 turns + caster level,Caster moves up or down vertically by mental control.,None,movement,ready,Ready for validation
Magic-User,2,Locate Object,locate-object,Basic,41,0,2 turns,Caster senses direction of a known object within 60 ft + 10 ft/level.,None,"detection,utility",Detects direction of a familiar object.,true,true,41,0,2 turns,Caster senses direction of a known object within 60 ft + 10 ft/level.,None,"detection,utility",ready,Ready for validation
Magic-User,2,Mirror Image,mirror-image,Basic,41,0,6 turns,Creates 1d4 illusory duplicates that may absorb attacks.,None,"illusion,defense",Creates duplicate images to confuse attackers.,true,true,41,0,6 turns,Creates 1d4 illusory duplicates that may absorb attacks.,None,"illusion,defense",ready,Ready for validation
Magic-User,2,Phantasmal Force,phantasmal-force,Basic,41,240 ft,Concentration,Creates a visual illusion in a 20 ft cube.,Spells disbelief,illusion,Creates an illusion sustained by concentration.,true,true,41,240 ft,Concentration,Creates a visual illusion in a 20 ft cube.,Spells disbelief,illusion,ready,Ready for validation
Magic-User,2,Web,web,Basic,41,10 ft,48 turns,"Fills up to 10x10x10 ft with sticky webs, entangling creatures.",Special,"control,web",Entangles creatures; fire can burn webs away.,true,true,41,10 ft,48 turns,"Fills up to 10x10x10 ft with sticky webs, entangling creatures.",Special,"control,web",ready,Ready for validation
Magic-User,2,Wizard Lock,wizard-lock,Basic,41,10 ft,Permanent,Magically locks a portal; higher-level casters may bypass.,None,"door,magic",Long-term magical lock on door or portal.,true,true,41,10 ft,Permanent,Magically locks a portal; higher-level casters may bypass.,None,"door,magic",ready,Ready for validation
Magic-User,3,Clairvoyance,clairvoyance,Expert,11,60 ft,12 turns,See through the eyes of one creature in range.,None,"detection,scrying",Remote sight through another creature.,true,true,11,60 ft,12 turns,See through the eyes of one creature in range.,None,"detection,scrying",ready,Ready for validation
Magic-User,3,Dispel Magic,dispel-magic,Expert,11,120 ft,Permanent,Ends spell effects in 20 ft cube; higher-level effects may resist.,Special,"dispel,magic","Removes active spell effects, not magic items.",true,true,11,120 ft,Permanent,Ends spell effects in 20 ft cube; higher-level effects may resist.,Special,"dispel,magic",ready,Ready for validation
Magic-User,3,Fire Ball,fire-ball,Expert,11,240 ft,Instant,20 ft radius explosion deals 1d6 fire damage per caster level.,Spells half,"damage,fire,area",Area fire blast; capped by caster level rules.,true,true,11,240 ft,Instant,20 ft radius explosion deals 1d6 fire damage per caster level.,Spells half,"damage,fire,area",ready,Ready for validation
Magic-User,3,Fly,fly,Expert,11,Touch,1d6 turns + level,Target flies at 360 ft/turn with concentration.,None,"movement,flight",Grants controlled flight for variable duration.,true,true,11,Touch,1d6 turns + level,Target flies at 360 ft/turn with concentration.,None,"movement,flight",ready,Ready for validation
Magic-User,3,Haste,haste,Expert,11,240 ft,3 turns,Up to 24 creatures move and attack at double speed.,None,"buff,movement",Speeds allies; multiple haste effects do not stack.,true,true,11,240 ft,3 turns,Up to 24 creatures move and attack at double speed.,None,"buff,movement",ready,Ready for validation
Magic-User,3,Hold Person,hold-person,Expert,11,120 ft,1 turn/level,Paralyzes up to 4 humanoids; single target saves at -2.,Spells negates,"paralysis,control",Paralyzes humanoids like cleric spell.,true,true,11,120 ft,1 turn/level,Paralyzes up to 4 humanoids; single target saves at -2.,Spells negates,"paralysis,control",ready,Ready for validation
Magic-User,3,Infravision,infravision,Expert,11,Touch,1 day,Gives 60 ft infravision.,None,vision,Grants heat-sight in darkness.,true,true,11,Touch,1 day,Gives 60 ft infravision.,None,vision,ready,Ready for validation
Magic-User,3,Invisibility 10' Radius,invisibility-10-radius,Expert,12,120 ft,Permanent until broken,All within 10 ft of target become invisible until attacking/casting or leaving area.,None,"invisibility,area",Group invisibility centered on target.,true,true,12,120 ft,Permanent until broken,All within 10 ft of target become invisible until attacking/casting or leaving area.,None,"invisibility,area",ready,Ready for validation
Magic-User,3,Lightning Bolt,lightning-bolt,Expert,12,180 ft,Instant,"Bolt deals 1d6 lightning damage per caster level, bouncing off barriers.",Spells half,"damage,lightning,area",Line attack with rebound risk.,true,true,12,180 ft,Instant,"Bolt deals 1d6 lightning damage per caster level, bouncing off barriers.",Spells half,"damage,lightning,area",ready,Ready for validation
Magic-User,3,Protection from Evil 10' Radius,protection-from-evil-10-radius,Expert,12,0,12 turns,20 ft diameter protection from evil around caster.,None,"protection,area",Area protective barrier against evil/enchanted attacks.,true,true,12,0,12 turns,20 ft diameter protection from evil around caster.,None,"protection,area",ready,Ready for validation
Magic-User,3,Protection from Normal Missiles,protection-from-normal-missiles,Expert,12,30 ft,12 turns,One target is immune to small nonmagical missiles.,None,"protection,missiles","Blocks normal arrows, bolts, and similar missiles.",true,true,12,30 ft,12 turns,One target is immune to small nonmagical missiles.,None,"protection,missiles",ready,Ready for validation
Magic-User,3,Water Breathing,water-breathing,Expert,12,30 ft,1 day,One target can breathe underwater.,None,"water,movement",Allows underwater breathing for a day.,true,true,12,30 ft,1 day,One target can breathe underwater.,None,"water,movement",ready,Ready for validation
Magic-User,4,Charm Monster,charm-monster,Expert,13,120 ft,Special,Charms one or more living creatures as friends.,Spells negates,"charm,control",Like charm person but works on monsters.,true,true,13,120 ft,Special,Charms one or more living creatures as friends.,Spells negates,"charm,control",ready,Ready for validation
Magic-User,4,Confusion,confusion,Expert,13,120 ft,12 rounds,"Confuses creatures in 60 ft area, causing random actions.",Spells negates,"control,mind",Area mental confusion.,true,true,13,120 ft,12 rounds,"Confuses creatures in 60 ft area, causing random actions.",Spells negates,"control,mind",ready,Ready for validation
Magic-User,4,Dimension Door,dimension-door,Expert,13,10 ft,Instant,Teleports caster or one target up to 360 ft.,None,"teleport,movement",Short-range teleport without error.,true,true,13,10 ft,Instant,Teleports caster or one target up to 360 ft.,None,"teleport,movement",ready,Ready for validation
Magic-User,4,Growth of Plants,growth-of-plants,Expert,13,120 ft,Permanent until dispelled,Thickens vegetation into an impassable barrier.,None,"plants,control",Turns plants into dense obstacle.,true,true,13,120 ft,Permanent until dispelled,Thickens vegetation into an impassable barrier.,None,"plants,control",ready,Ready for validation
Magic-User,4,Hallucinatory Terrain,hallucinatory-terrain,Expert,13,240 ft,Until touched/dispelled,Creates terrain illusion over outdoor area.,None,"illusion,terrain",Makes terrain appear different.,true,true,13,240 ft,Until touched/dispelled,Creates terrain illusion over outdoor area.,None,"illusion,terrain",ready,Ready for validation
Magic-User,4,Massmorph,massmorph,Expert,14,240 ft,Until dispelled,Makes up to 100 creatures look like trees/woods.,None,"illusion,plants",Camouflages a group as woodland.,true,true,14,240 ft,Until dispelled,Makes up to 100 creatures look like trees/woods.,None,"illusion,plants",ready,Ready for validation
Magic-User,4,Polymorph Other,polymorph-other,Expert,14,60 ft,Permanent until dispelled,Changes one creature into another form.,Spells negates,"polymorph,control",Transforms a target creature.,true,true,14,60 ft,Permanent until dispelled,Changes one creature into another form.,Spells negates,"polymorph,control",ready,Ready for validation
Magic-User,4,Polymorph Self,polymorph-self,Expert,14,0,6 turns + level,Caster assumes another form with movement but not special attacks.,None,"polymorph,movement",Caster shapeshifts temporarily.,true,true,14,0,6 turns + level,Caster assumes another form with movement but not special attacks.,None,"polymorph,movement",ready,Ready for validation
Magic-User,4,Remove Curse,remove-curse,Expert,14,Touch,Permanent,Removes a curse; reverse bestows curse.,None,"curse,reversible",Removes magical curse or cursed item bond.,true,true,14,Touch,Permanent,Removes a curse; reverse bestows curse.,None,"curse,reversible",ready,Ready for validation
Magic-User,4,Wall of Fire,wall-of-fire,Expert,14,60 ft,Concentration,Creates fiery wall damaging creatures passing through.,None,"fire,wall,damage","Fire barrier, especially strong vs cold creatures.",true,true,14,60 ft,Concentration,Creates fiery wall damaging creatures passing through.,None,"fire,wall,damage",ready,Ready for validation
Magic-User,4,Wall of Ice,wall-of-ice,Expert,14,120 ft,12 turns,Creates wall or hemisphere of ice.,None,"ice,wall,control",Creates solid ice barrier.,true,true,14,120 ft,12 turns,Creates wall or hemisphere of ice.,None,"ice,wall,control",ready,Ready for validation
Magic-User,4,Wizard Eye,wizard-eye,Expert,14,240 ft,6 turns,Invisible magical eye scouts under caster control.,None,"scrying,detection",Remote scouting sensor.,true,true,14,240 ft,6 turns,Invisible magical eye scouts under caster control.,None,"scrying,detection",ready,Ready for validation
Magic-User,5,Animate Dead,animate-dead,Expert,15,60 ft,Permanent,Creates skeletons or zombies from remains.,None,"undead,creation",Animates undead servants.,true,true,15,60 ft,Permanent,Creates skeletons or zombies from remains.,None,"undead,creation",ready,Ready for validation
Magic-User,5,Cloudkill,cloudkill,Expert,15,1 ft,6 turns,Creates moving poisonous cloud killing weak creatures.,Poison special,"poison,area,death",Poison cloud deadly to low-HD creatures.,true,true,15,1 ft,6 turns,Creates moving poisonous cloud killing weak creatures.,Poison special,"poison,area,death",ready,Ready for validation
Magic-User,5,Conjure Elemental,conjure-elemental,Expert,15,240 ft,Concentration,Summons and controls one 16 HD elemental.,None,"summoning,elemental",Summons elemental; loss of concentration is dangerous.,true,true,15,240 ft,Concentration,Summons and controls one 16 HD elemental.,None,"summoning,elemental",ready,Ready for validation
Magic-User,5,Feeblemind,feeblemind,Expert,15,240 ft,Permanent until dispelled,Reduces spellcaster intelligence to near animal level.,Spells negates,"mind,control",Disables enemy spellcasters.,true,true,15,240 ft,Permanent until dispelled,Reduces spellcaster intelligence to near animal level.,Spells negates,"mind,control",ready,Ready for validation
Magic-User,5,Hold Monster,hold-monster,Expert,16,120 ft,6 turns + level,Paralyzes up to 4 creatures; single target saves at -2.,Spells negates,"paralysis,control",Hold person for monsters.,true,true,16,120 ft,6 turns + level,Paralyzes up to 4 creatures; single target saves at -2.,Spells negates,"paralysis,control",ready,Ready for validation
Magic-User,5,Magic Jar,magic-jar,Expert,16,30 ft,Special,Caster’s life force inhabits a container and may possess bodies.,Spells negates possession,"possession,magic",Body-swapping possession through a jar focus.,true,true,16,30 ft,Special,Caster’s life force inhabits a container and may possess bodies.,Spells negates possession,"possession,magic",ready,Ready for validation
Magic-User,5,Pass-Wall,pass-wall,Expert,16,30 ft,3 turns,Creates passage through solid rock or wall.,None,"movement,earth",Opens temporary tunnel through barrier.,true,true,16,30 ft,3 turns,Creates passage through solid rock or wall.,None,"movement,earth",ready,Ready for validation
Magic-User,5,Telekinesis,telekinesis,Expert,16,120 ft,6 rounds,Moves objects by mental force up to caster weight limit.,None,"movement,force",Moves objects at range by concentration.,true,true,16,120 ft,6 rounds,Moves objects by mental force up to caster weight limit.,None,"movement,force",ready,Ready for validation
Magic-User,5,Teleport,teleport,Expert,16,10 ft,Instant,"Teleports one creature/object to known destination, with error risk.",None,"teleport,movement",Long-distance teleport based on familiarity.,true,true,16,10 ft,Instant,"Teleports one creature/object to known destination, with error risk.",None,"teleport,movement",ready,Ready for validation
Magic-User,6,Anti-Magic Shell,anti-magic-shell,Expert,17,0,12 turns,Creates barrier around caster blocking magic in or out.,None,"protection,anti-magic",Caster is insulated from magic but cannot cast through shell.,true,true,17,0,12 turns,Creates barrier around caster blocking magic in or out.,None,"protection,anti-magic",ready,Ready for validation
Magic-User,6,Death Spell,death-spell,Expert,17,240 ft,Instant,Kills 4d8 HD of living creatures in 60 ft cube.,None,"death,area",Slays groups of weaker living creatures.,true,true,17,240 ft,Instant,Kills 4d8 HD of living creatures in 60 ft cube.,None,"death,area",ready,Ready for validation
Magic-User,6,Disintegrate,disintegrate,Expert,17,60 ft,Instant,Disintegrates one creature or nonmagical object.,Death Ray negates,"damage,destruction",Destroys target if save fails.,true,true,17,60 ft,Instant,Disintegrates one creature or nonmagical object.,Death Ray negates,"damage,destruction",ready,Ready for validation
Magic-User,6,Geas,geas,Expert,17,30 ft,Until fulfilled,Compels a creature to perform a task or suffer penalties.,None,"control,quest",Magical command binding target to a task.,true,true,17,30 ft,Until fulfilled,Compels a creature to perform a task or suffer penalties.,None,"control,quest",ready,Ready for validation
Magic-User,6,Invisible Stalker,invisible-stalker,Expert,18,0,Until mission complete,Summons invisible stalker to perform a task.,None,"summoning,air",Invisible servant hunts or retrieves as commanded.,true,true,18,0,Until mission complete,Summons invisible stalker to perform a task.,None,"summoning,air",ready,Ready for validation
Magic-User,6,Lower Water,lower-water,Expert,18,240 ft,10 turns,Lowers water level in a large area.,None,"water,terrain",Creates passage through or reduces water.,true,true,18,240 ft,10 turns,Lowers water level in a large area.,None,"water,terrain",ready,Ready for validation
Magic-User,6,Move Earth,move-earth,Expert,18,240 ft,6 turns,"Moves soil terrain slowly, reshaping earth.",None,"earth,terrain","Large-scale earthmoving, not stone.",true,true,18,240 ft,6 turns,"Moves soil terrain slowly, reshaping earth.",None,"earth,terrain",ready,Ready for validation
Magic-User,6,Part Water,part-water,Expert,18,120 ft,6 turns,Parts water to create dry path.,None,"water,terrain",Opens a passage through water.,true,true,18,120 ft,6 turns,Parts water to create dry path.,None,"water,terrain",ready,Ready for validation
Magic-User,6,Projected Image,projected-image,Expert,18,240 ft,6 turns,Creates image through which caster can cast spells.,None,"illusion,scrying",Remote image acts as spellcasting origin.,true,true,18,240 ft,6 turns,Creates image through which caster can cast spells.,None,"illusion,scrying",ready,Ready for validation
Magic-User,6,Reincarnation,reincarnation,Expert,18,10 ft,Permanent,Returns dead character as a new body/creature.,None,"resurrection,polymorph",Restores life in a new form.,true,true,18,10 ft,Permanent,Returns dead character as a new body/creature.,None,"resurrection,polymorph",ready,Ready for validation
Magic-User,6,Stone to Flesh,stone-to-flesh,Expert,18,120 ft,Permanent,Restores petrified creature; reverse turns flesh to stone.,Spells negates reverse,"petrification,reversible",Reverses petrification; reverse petrifies a target.,true,true,18,120 ft,Permanent,Restores petrified creature; reverse turns flesh to stone.,Spells negates reverse,"petrification,reversible",ready,Ready for validation
Cleric,5,Cure Critical Wounds,cure-critical-wounds,Companion,12,Touch,Permanent,Cures 6-21 hp damage to one living creature; reverse causes same damage by touch.,None,"healing,damage,reversible",Major cure spell; reverse causes critical wounds by touch.,true,true,12,Touch,Permanent,Cures 6-21 hp damage to one living creature; reverse causes same damage by touch.,None,"healing,damage,reversible",ready,Ready for validation
Cleric,5,Truesight,truesight,Companion,12,0,1 turn + 1 round per level,"Reveals hidden, invisible, ethereal, disguised, and polymorphed things within 120 ft; also reveals alignment and power.",None,"detection,truth",Powerful true-seeing effect within 120 ft.,true,true,12,0,1 turn + 1 round per level,"Reveals hidden, invisible, ethereal, disguised, and polymorphed things within 120 ft; also reveals alignment and power.",None,"detection,truth",ready,Ready for validation
Cleric,6,Aerial Servant,aerial-servant,Companion,12,60 ft,1 day per level,Summons an aerial servant to fetch a described creature or item from an approximate location.,None,"summoning,ethereal,utility",Summons servant to retrieve one named target.,true,true,12,60 ft,1 day per level,Summons an aerial servant to fetch a described creature or item from an approximate location.,None,"summoning,ethereal,utility",ready,Ready for validation
Cleric,6,Barrier,barrier,Companion,12,60 ft,12 turns,Creates a 30 ft diameter by 30 ft high wall of whirling hammers; passing through causes 7-70 damage.,None,"barrier,damage,reversible",Blocks passage with damaging hammer barrier; reverse removes clerical/magical walls.,true,true,12,60 ft,12 turns,Creates a 30 ft diameter by 30 ft high wall of whirling hammers; passing through causes 7-70 damage.,None,"barrier,damage,reversible",ready,Ready for validation
Cleric,6,Create Normal Animals,create-normal-animals,Companion,12,30 ft,10 turns,"Creates 1 large, 3 medium, or 6 small normal loyal animals that obey the cleric.",None,"creation,animals,summoning",Creates temporary normal animals under command.,true,true,12,30 ft,10 turns,"Creates 1 large, 3 medium, or 6 small normal loyal animals that obey the cleric.",None,"creation,animals,summoning",ready,Ready for validation
Cleric,6,Cureall,cureall,Companion,13,Touch,Permanent,"Cures one major affliction or nearly all damage, leaving only 1-6 damage remaining.",None,"healing,restoration",Cures one condition or nearly all wounds.,true,true,13,Touch,Permanent,"Cures one major affliction or nearly all damage, leaving only 1-6 damage remaining.",None,"healing,restoration",ready,Ready for validation
Cleric,7,Earthquake,earthquake,Companion,13,120 yards,1 turn,"Shakes earth in a large area, damaging structures and opening cracks that may engulf creatures.",None,"earth,area,destruction",Creates destructive earth tremors over a scaling area.,true,true,13,120 yards,1 turn,"Shakes earth in a large area, damaging structures and opening cracks that may engulf creatures.",None,"earth,area,destruction",ready,Ready for validation
Cleric,7,Holy Word,holy-word,Companion,13,0,Instantaneous,"Affects all creatures within 40 ft whose alignment differs from the cleric: may kill, stun, or deafen by level.",Spells negates for level 13+ or same alignment,"alignment,area,power-word",Alignment-based area word with severe effects.,true,true,13,0,Instantaneous,"Affects all creatures within 40 ft whose alignment differs from the cleric: may kill, stun, or deafen by level.",Spells negates for level 13+ or same alignment,"alignment,area,power-word",ready,Ready for validation
Cleric,7,Raise Dead Fully,raise-dead-fully,Companion,13,60 ft,Permanent,Raises any living creature; humans and demi-humans return fully healed and ready to act.,Special,"resurrection,healing,reversible",Full resurrection; reverse obliterates living targets like the spell affects undead.,true,true,13,60 ft,Permanent,Raises any living creature; humans and demi-humans return fully healed and ready to act.,Special,"resurrection,healing,reversible",ready,Ready for validation
Cleric,7,Restore,restore,Companion,13,Touch,Permanent,Restores one full level of energy experience lost to energy drain; reverse drains one level.,None,"restoration,energy-drain,reversible",Restores one drained level; reverse drains one level.,true,true,13,Touch,Permanent,Restores one full level of energy experience lost to energy drain; reverse drains one level.,None,"restoration,energy-drain,reversible",ready,Ready for validation
Druid,1,Faerie Fire,faerie-fire,Companion,14,60 ft,1 round per level,Outlines detected creatures or objects with harmless green fire; attacks against them gain +2 to hit.,None,"detection,combat,light",Outlines targets and makes them easier to hit.,true,true,14,60 ft,1 round per level,Outlines detected creatures or objects with harmless green fire; attacks against them gain +2 to hit.,None,"detection,combat,light",ready,Ready for validation
Druid,1,Locate,locate,Companion,15,0,6 turns,"Caster senses direction of one known animal, plant, or natural outdoor object within range.",None,"detection,nature",Nature-focused locate effect.,true,true,15,0,6 turns,"Caster senses direction of one known animal, plant, or natural outdoor object within range.",None,"detection,nature",ready,Ready for validation
Druid,1,Predict Weather,predict-weather,Companion,15,0,12 hours,Caster accurately predicts natural weather in the local area for the next 12 hours.,None,"weather,utility",Predicts upcoming natural weather.,true,true,15,0,12 hours,Caster accurately predicts natural weather in the local area for the next 12 hours.,None,"weather,utility",ready,Ready for validation
Druid,2,Obscure,obscure,Companion,15,0,1 turn per level,"Creates a misty cloud around the druid, heavily obscuring sight in a 10 ft radius per level.",None,"weather,concealment",Creates fog-like concealment around caster.,true,true,15,0,1 turn per level,"Creates a misty cloud around the druid, heavily obscuring sight in a 10 ft radius per level.",None,"weather,concealment",ready,Ready for validation
Druid,2,Produce Fire,produce-fire,Companion,15,0,2 turns per level,Creates a magical flame in the druid's hand that can ignite objects or be thrown.,None,"fire,damage,utility",Creates controllable magical fire.,true,true,15,0,2 turns per level,Creates a magical flame in the druid's hand that can ignite objects or be thrown.,None,"fire,damage,utility",ready,Ready for validation
Druid,2,Warp Wood,warp-wood,Companion,15,240 ft,Permanent,"Bends and warps wooden weapons, doors, or objects, often making them useless.",None,"wood,control",Warps wooden objects out of shape.,true,true,15,240 ft,Permanent,"Bends and warps wooden weapons, doors, or objects, often making them useless.",None,"wood,control",ready,Ready for validation
Druid,3,Call Lightning,call-lightning,Companion,15,360 ft,1 turn per level,Calls lightning bolts from stormy skies; each bolt deals heavy electrical damage in an area.,Spells half,"lightning,damage,weather",Calls lightning during a storm.,true,true,15,360 ft,1 turn per level,Calls lightning bolts from stormy skies; each bolt deals heavy electrical damage in an area.,Spells half,"lightning,damage,weather",ready,Ready for validation
Druid,3,Hold Animal,hold-animal,Companion,15,180 ft,1 turn per level,Paralyzes normal or giant animals of animal intelligence within range.,Spells negates,"animals,paralysis",Holds animal targets immobile.,true,true,15,180 ft,1 turn per level,Paralyzes normal or giant animals of animal intelligence within range.,Spells negates,"animals,paralysis",ready,Ready for validation
Druid,3,Water Breathing,water-breathing,Companion,15,30 ft,1 day,Allows one air-breathing creature to breathe water; reverse lets water-breathers breathe air.,None,"water,breathing,utility",Allows breathing in water.,true,true,15,30 ft,1 day,Allows one air-breathing creature to breathe water; reverse lets water-breathers breathe air.,None,"water,breathing,utility",ready,Ready for validation
Druid,4,Control Temperature 10' Radius,control-temperature-10-radius,Companion,15,0,1 turn per level,Changes temperature within 10 ft of the caster to extreme heat or cold.,None,"weather,environment",Controls local temperature around caster.,true,true,15,0,1 turn per level,Changes temperature within 10 ft of the caster to extreme heat or cold.,None,"weather,environment",ready,Ready for validation
Druid,4,Plant Door,plant-door,Companion,15,0,1 turn per level,Allows the druid to pass through trees and dense plant growth as if through a doorway.,None,"plants,movement",Moves through plant matter.,true,true,15,0,1 turn per level,Allows the druid to pass through trees and dense plant growth as if through a doorway.,None,"plants,movement",ready,Ready for validation
Druid,4,Protection from Lightning,protection-from-lightning,Companion,15,Touch,1 turn per level,"Protects one creature from lightning damage, including natural and magical lightning.",None,"lightning,protection",Grants lightning protection.,true,true,15,Touch,1 turn per level,"Protects one creature from lightning damage, including natural and magical lightning.",None,"lightning,protection",ready,Ready for validation
Druid,5,Anti-Plant Shell,anti-plant-shell,Companion,16,0,1 round per level,Personal invisible barrier blocks attacks from plants and plant-like monsters.,None,"plants,protection,barrier",Blocks plant attacks around caster.,true,true,16,0,1 round per level,Personal invisible barrier blocks attacks from plants and plant-like monsters.,None,"plants,protection,barrier",ready,Ready for validation
Druid,5,Control Winds,control-winds,Companion,16,10 ft radius per level,1 turn per level,Calms or increases winds within range; can affect air creatures with proper control.,Spells negates for air creatures,"weather,air,control",Controls wind strength around caster.,true,true,16,10 ft radius per level,1 turn per level,Calms or increases winds within range; can affect air creatures with proper control.,Spells negates for air creatures,"weather,air,control",ready,Ready for validation
Druid,5,Pass Plant,pass-plant,Companion,16,0,Instantaneous,Short-range teleportation from one tree into another tree of the same type.,None,"plants,teleportation,movement",Tree-to-tree teleport.,true,true,16,0,Instantaneous,Short-range teleportation from one tree into another tree of the same type.,None,"plants,teleportation,movement",ready,Ready for validation
Druid,6,Anti-Animal Shell,anti-animal-shell,Companion,16,0,1 turn per level,Personal invisible barrier blocks attacks from normal and giant animals and animal-intelligence creatures.,None,"animals,protection,barrier",Blocks animal attacks around caster.,true,true,16,0,1 turn per level,Personal invisible barrier blocks attacks from normal and giant animals and animal-intelligence creatures.,None,"animals,protection,barrier",ready,Ready for validation
Druid,6,Transport Through Plants,transport-through-plants,Companion,16,Infinite,Instantaneous,Long-range plant teleport; druid enters one living plant and exits another on the same plane.,None,"plants,teleportation,movement",Long-range travel through living plants.,true,true,16,Infinite,Instantaneous,Long-range plant teleport; druid enters one living plant and exits another on the same plane.,None,"plants,teleportation,movement",ready,Ready for validation
Druid,6,Summon Weather,summon-weather,Companion,16,5 miles or more,6 turns per level,Summons weather appropriate to the climate and season over a broad area.,None,"weather,summoning",Calls appropriate natural weather.,true,true,16,5 miles or more,6 turns per level,Summons weather appropriate to the climate and season over a broad area.,None,"weather,summoning",ready,Ready for validation
Druid,7,Creeping Doom,creeping-doom,Companion,16,120 ft,1 round per level,Summons a swarm of insects that moves as directed and deals damage to creatures it engulfs.,None,"insects,damage,summoning",Summons deadly insect swarm.,true,true,16,120 ft,1 round per level,Summons a swarm of insects that moves as directed and deals damage to creatures it engulfs.,None,"insects,damage,summoning",ready,Ready for validation
Druid,7,Metal to Wood,metal-to-wood,Companion,16,120 ft,Permanent,"Transforms metal items in the area into wood, affecting weapons, armor, and gear.",None,"transmutation,wood,metal",Turns metal objects into wood.,true,true,16,120 ft,Permanent,"Transforms metal items in the area into wood, affecting weapons, armor, and gear.",None,"transmutation,wood,metal",ready,Ready for validation
Druid,7,Weather Control,weather-control,Companion,16,0,Concentration,Allows the druid to choose and control local outdoor weather while concentrating.,None,"weather,control",Controls outdoor weather.,true,true,16,0,Concentration,Allows the druid to choose and control local outdoor weather while concentrating.,None,"weather,control",ready,Ready for validation
Magic-User,5,Contact Outer Plane,contact-outer-plane,Companion,20,0,See spell,"Contact an Outer Plane Immortal to ask 3-12 questions, risking insanity for better knowledge.",Special,"divination,planar",Ask questions of an Immortal with risk of insanity.,true,true,20,0,See spell,"Contact an Outer Plane Immortal to ask 3-12 questions, risking insanity for better knowledge.",Special,"divination,planar",ready,Ready for validation
Magic-User,5,Dissolve,dissolve,Companion,20,120 ft,3-18 days,"Turns up to 3,000 square ft of rock or soil into mud; reverse hardens mud to rock permanently.",Spells avoids reverse trapping,"earth,transmutation,reversible",Liquefies ground into mud; reverse hardens mud.,true,true,20,120 ft,3-18 days,"Turns up to 3,000 square ft of rock or soil into mud; reverse hardens mud to rock permanently.",Spells avoids reverse trapping,"earth,transmutation,reversible",ready,Ready for validation
Magic-User,5,Wall of Stone,wall-of-stone,Companion,22,60 ft,Permanent,Creates a stone wall or shape that can be used as a barrier or structure.,None,"wall,earth,creation",Creates permanent stone wall.,true,true,22,60 ft,Permanent,Creates a stone wall or shape that can be used as a barrier or structure.,None,"wall,earth,creation",ready,Ready for validation
Magic-User,6,Wall of Iron,wall-of-iron,Companion,21,120 ft,Permanent,Creates a vertical iron wall that can block passage or topple to damage targets.,None,"wall,metal,creation",Creates permanent iron wall.,true,true,21,120 ft,Permanent,Creates a vertical iron wall that can block passage or topple to damage targets.,None,"wall,metal,creation",ready,Ready for validation
Magic-User,6,Weather Control,weather-control,Companion,21,0,Concentration,Changes outdoor weather in a broad area while the caster concentrates.,None,"weather,control",Controls outdoor weather.,true,true,21,0,Concentration,Changes outdoor weather in a broad area while the caster concentrates.,None,"weather,control",ready,Ready for validation
Magic-User,7,Charm Plant,charm-plant,Companion,22,120 ft,Permanent until dispelled,Charms plant creatures or controls ordinary plant growth in an area.,Spells negates for plant creatures,"plants,charm,control",Controls plants or charms plant monsters.,true,true,22,120 ft,Permanent until dispelled,Charms plant creatures or controls ordinary plant growth in an area.,Spells negates for plant creatures,"plants,charm,control",ready,Ready for validation
Magic-User,7,Create Normal Monsters,create-normal-monsters,Companion,22,30 ft,1 turn,Creates normal monsters up to total Hit Dice equal to caster level; they obey commands then vanish.,None,"creation,summoning,monsters",Creates temporary normal monsters.,true,true,22,30 ft,1 turn,Creates normal monsters up to total Hit Dice equal to caster level; they obey commands then vanish.,None,"creation,summoning,monsters",ready,Ready for validation
Magic-User,7,Delayed Blast Fire Ball,delayed-blast-fire-ball,Companion,22,240 ft,0 to 60 rounds delay,"Creates a delayed fire ball that explodes after a chosen delay, dealing up to 20d6 fire damage.",Spells half,"fire,damage,area",Fire ball with chosen detonation delay.,true,true,22,240 ft,0 to 60 rounds delay,"Creates a delayed fire ball that explodes after a chosen delay, dealing up to 20d6 fire damage.",Spells half,"fire,damage,area",ready,Ready for validation
Magic-User,7,Lore,lore,Companion,22,0,Permanent,"Reveals detailed knowledge about one item, place, or person, with time required varying by familiarity.",None,"divination,knowledge","Researches lore of an item, place, or person.",true,true,22,0,Permanent,"Reveals detailed knowledge about one item, place, or person, with time required varying by familiarity.",None,"divination,knowledge",ready,Ready for validation
Magic-User,7,Magic Door,magic-door,Companion,22,10 ft,7 uses,Creates an invisible magical passage through up to 10 ft of nonliving material; reverse creates magic lock.,None,"movement,barrier,reversible",Creates secret passage; reverse locks portal.,true,true,22,10 ft,7 uses,Creates an invisible magical passage through up to 10 ft of nonliving material; reverse creates magic lock.,None,"movement,barrier,reversible",ready,Ready for validation
Magic-User,7,Mass Invisibility,mass-invisibility,Companion,22,240 ft,Permanent until broken,Makes many creatures or objects invisible within a 60 ft square area; reverse reveals invisibility.,None,"illusion,invisibility,reversible",Grants invisibility to many targets.,true,true,22,240 ft,Permanent until broken,Makes many creatures or objects invisible within a 60 ft square area; reverse reveals invisibility.,None,"illusion,invisibility,reversible",ready,Ready for validation
Magic-User,7,Power Word Stun,power-word-stun,Companion,22,120 ft,2-12 or 1-6 rounds,Stuns one creature with 70 hp or fewer; lower hp targets are stunned longer.,None,"power-word,stun",Stuns a low-hit-point target without save.,true,true,22,120 ft,2-12 or 1-6 rounds,Stuns one creature with 70 hp or fewer; lower hp targets are stunned longer.,None,"power-word,stun",ready,Ready for validation
Magic-User,7,Reverse Gravity,reverse-gravity,Companion,22,90 ft,1/5 round,"Causes creatures and objects in a 30 ft cube to fall upward, then fall back when gravity returns.",None,"gravity,damage,control",Briefly reverses gravity in an area.,true,true,22,90 ft,1/5 round,"Causes creatures and objects in a 30 ft cube to fall upward, then fall back when gravity returns.",None,"gravity,damage,control",ready,Ready for validation
Magic-User,7,Statue,statue,Companion,23,0,2 turns per level,Caster may become a stone statue and return to normal once per round during the spell.,None,"transformation,defense",Caster can shift into statue form.,true,true,23,0,2 turns per level,Caster may become a stone statue and return to normal once per round during the spell.,None,"transformation,defense",ready,Ready for validation
Magic-User,7,Summon Object,summon-object,Companion,23,Infinite,Instantaneous,"Summons one nonliving object from the caster's home to hand, if prepared and not blocked.",None,"summoning,utility",Calls a prepared object to the caster.,true,true,23,Infinite,Instantaneous,"Summons one nonliving object from the caster's home to hand, if prepared and not blocked.",None,"summoning,utility",ready,Ready for validation
Magic-User,7,Sword,sword,Companion,23,30 ft,1 round per level,Creates a magical sword of force that attacks as directed by the caster.,None,"force,damage,weapon",Creates floating magical attacking sword.,true,true,23,30 ft,1 round per level,Creates a magical sword of force that attacks as directed by the caster.,None,"force,damage,weapon",ready,Ready for validation
Magic-User,7,Teleport any Object,teleport-any-object,Companion,23,Touch,Instantaneous,Teleports one object to a known destination; mishap chances apply by familiarity.,Special,"teleportation,utility",Teleports an object.,true,true,23,Touch,Instantaneous,Teleports one object to a known destination; mishap chances apply by familiarity.,Special,"teleportation,utility",ready,Ready for validation
Magic-User,8,Dance,dance,Companion,24,Touch,3 or more rounds,"Forces one touched victim to dance helplessly, losing AC and saves while unable to act.",None,"enchantment,control",Makes touched victim dance helplessly.,true,true,24,Touch,3 or more rounds,"Forces one touched victim to dance helplessly, losing AC and saves while unable to act.",None,"enchantment,control",ready,Ready for validation
Magic-User,8,Explosive Cloud,explosive-cloud,Companion,24,1 ft,6 turns,Creates a moving poisonous cloud that can also explode if touched by fire.,Poison special,"cloud,poison,fire,damage",Creates deadly cloud that may explode.,true,true,24,1 ft,6 turns,Creates a moving poisonous cloud that can also explode if touched by fire.,Poison special,"cloud,poison,fire,damage",ready,Ready for validation
Magic-User,8,Mass Charm,mass-charm,Companion,24,120 ft,Special,Charms multiple creatures with total levels or Hit Dice based on caster level; reverse removes charm.,Spells negates,"charm,enchantment,reversible",Charms many creatures at once.,true,true,24,120 ft,Special,Charms multiple creatures with total levels or Hit Dice based on caster level; reverse removes charm.,Spells negates,"charm,enchantment,reversible",ready,Ready for validation
Magic-User,8,Mind Barrier,mind-barrier,Companion,24,0,1 hour per level,"Protects caster from ESP, crystal balls, and similar mind-reading or scrying; reverse opens mind to reading.",None,"mind,protection,reversible",Blocks mental detection and scrying.,true,true,24,0,1 hour per level,"Protects caster from ESP, crystal balls, and similar mind-reading or scrying; reverse opens mind to reading.",None,"mind,protection,reversible",ready,Ready for validation
Magic-User,8,Permanence,permanence,Companion,25,10 ft,Permanent until dispelled,"Makes certain spell effects permanent, subject to restrictions and dispel magic.",None,"metamagic,permanence",Makes eligible magic effects permanent.,true,true,25,10 ft,Permanent until dispelled,"Makes certain spell effects permanent, subject to restrictions and dispel magic.",None,"metamagic,permanence",ready,Ready for validation
Magic-User,8,Polymorph any Object,polymorph-any-object,Companion,25,240 ft,Variable,Changes one object or creature into another form; duration depends on similarity.,Spells negates for creatures,"transformation,polymorph",Transforms almost any object or creature.,true,true,25,240 ft,Variable,Changes one object or creature into another form; duration depends on similarity.,Spells negates for creatures,"transformation,polymorph",ready,Ready for validation
Magic-User,8,Power Word Blind,power-word-blind,Companion,25,120 ft,1-4 days or 2-8 hours,Blinds one or more creatures with hit point limits; no saving throw.,None,"power-word,blindness",Blinds targets by current hit points.,true,true,25,120 ft,1-4 days or 2-8 hours,Blinds one or more creatures with hit point limits; no saving throw.,None,"power-word,blindness",ready,Ready for validation
Magic-User,8,Symbol,symbol,Companion,25,Touch,Permanent until triggered,"Creates a magical rune with one chosen effect triggered by reading, touching, or passing.",Special,"rune,trap,magic",Creates triggered magical symbol.,true,true,25,Touch,Permanent until triggered,"Creates a magical rune with one chosen effect triggered by reading, touching, or passing.",Special,"rune,trap,magic",ready,Ready for validation
Magic-User,9,Gate,gate,Companion,26,30 ft,Concentration or special,Opens a gate to another plane or calls a powerful creature; reverse closes a gate.,Special,"planar,summoning,reversible",Opens planar gate or calls entity.,true,true,26,30 ft,Concentration or special,Opens a gate to another plane or calls a powerful creature; reverse closes a gate.,Special,"planar,summoning,reversible",ready,Ready for validation
Magic-User,9,Maze,maze,Companion,26,60 ft,Variable,Banishes one creature into an extradimensional maze until it escapes after a time based on Intelligence.,None,"banishment,control",Traps target in extradimensional maze.,true,true,26,60 ft,Variable,Banishes one creature into an extradimensional maze until it escapes after a time based on Intelligence.,None,"banishment,control",ready,Ready for validation
Magic-User,9,Meteor Swarm,meteor-swarm,Companion,26,240 ft,Instantaneous,Creates four or eight fiery meteors that explode for heavy fire damage in selected areas.,Spells half,"fire,damage,area",Creates multiple explosive meteors.,true,true,26,240 ft,Instantaneous,Creates four or eight fiery meteors that explode for heavy fire damage in selected areas.,Spells half,"fire,damage,area",ready,Ready for validation
Magic-User,9,Power Word Kill,power-word-kill,Companion,26,120 ft,Instantaneous,Kills one or more creatures within hit point limits; no saving throw.,None,"power-word,death",Kills low-hit-point targets without save.,true,true,26,120 ft,Instantaneous,Kills one or more creatures within hit point limits; no saving throw.,None,"power-word,death",ready,Ready for validation
